{"cameraMode":{"drawMode":0,"name":"Shaded","section":"Shading Mode"},"sceneLighting":true,"audioPlay":false,"sceneViewState":{"showFog":true,"showMaterialUpdate":true,"showSkybox":true,"showFlares":true,"showImageEffects":true,"showParticleSystems":true},"in2DMode":false,"pivot":{"x":70.98052215576172,"y":-128.33837890625,"z":65.85728454589844},"rotation":{"x":0.4025937020778656,"y":0.3642021715641022,"z":-0.17847707867622376,"w":0.8206853270530701},"size":89.12901306152344,"orthographic":false}